{"cameraMode":{"drawMode":0,"name":"Shaded","section":"Shading Mode"},"sceneLighting":false,"audioPlay":false,"sceneViewState":{"showFog":true,"showMaterialUpdate":false,"showSkybox":false,"showFlares":true,"showImageEffects":true,"showParticleSystems":true,"showVisualEffectGraphs":true,"m_FxEnabled":true},"in2DMode":false,"pivot":{"x":16.250009536743165,"y":0.9187650680541992,"z":-21.250003814697267},"rotation":{"x":0.014664187096059323,"y":-0.8503663539886475,"z":0.5254672169685364,"w":0.023729171603918077},"size":26.9687442779541,"orthographic":false}