{"cameraMode":{"drawMode":0,"name":"Shaded","section":"Shading Mode"},"sceneLighting":false,"audioPlay":false,"sceneViewState":{"showFog":true,"showMaterialUpdate":false,"showSkybox":false,"showFlares":true,"showImageEffects":true,"showParticleSystems":true,"showVisualEffectGraphs":true,"m_FxEnabled":true},"in2DMode":false,"pivot":{"x":15.744142532348633,"y":-0.32004404067993166,"z":-34.96295928955078},"rotation":{"x":0.31073620915412905,"y":-0.21697525680065156,"z":0.07308690249919892,"w":0.922520101070404},"size":14.140193939208985,"orthographic":true}