{"cameraMode":{"drawMode":0,"name":"Shaded","section":"Shading Mode"},"sceneLighting":false,"audioPlay":false,"sceneViewState":{"showFog":true,"showMaterialUpdate":false,"showSkybox":false,"showFlares":true,"showImageEffects":true,"showParticleSystems":true,"showVisualEffectGraphs":true,"m_FxEnabled":true},"in2DMode":false,"pivot":{"x":-0.08800005912780762,"y":0.004999999888241291,"z":0.013999998569488526},"rotation":{"x":0.11392728984355927,"y":-0.8844157457351685,"z":0.3475152254104614,"w":0.28994491696357729},"size":3.533141851425171,"orthographic":false}