{"cameraMode":{"drawMode":0,"name":"Shaded","section":"Shading Mode"},"sceneLighting":true,"audioPlay":false,"sceneViewState":{"showFog":true,"showMaterialUpdate":false,"showSkybox":true,"showFlares":true,"showImageEffects":true,"showParticleSystems":true,"showVisualEffectGraphs":true,"m_FxEnabled":true},"in2DMode":false,"pivot":{"x":242.9679718017578,"y":1.166839599609375,"z":-64.84785461425781},"rotation":{"x":0.0026200530119240286,"y":0.6960058808326721,"z":-0.7180690169334412,"w":0.002473825588822365},"size":202.24420166015626,"orthographic":false}