{"cameraMode":{"drawMode":0,"name":"Shaded","section":"Shading Mode"},"sceneLighting":true,"audioPlay":false,"sceneViewState":{"showFog":true,"showMaterialUpdate":false,"showSkybox":true,"showFlares":true,"showImageEffects":true,"showParticleSystems":true,"showVisualEffectGraphs":true,"m_FxEnabled":true},"in2DMode":false,"pivot":{"x":19.929424285888673,"y":1.9360637664794922,"z":190.17449951171876},"rotation":{"x":0.49881982803344729,"y":-0.5006276369094849,"z":0.5165477395057678,"w":0.4835436940193176},"size":224.55540466308595,"orthographic":false}