{"cameraMode":{"drawMode":0,"name":"Shaded","section":"Shading Mode"},"sceneLighting":true,"audioPlay":false,"sceneViewState":{"showFog":true,"showMaterialUpdate":false,"showSkybox":true,"showFlares":true,"showImageEffects":true,"showParticleSystems":true,"showVisualEffectGraphs":true,"m_FxEnabled":true},"in2DMode":false,"pivot":{"x":51.26553726196289,"y":-5.05755615234375,"z":135.60264587402345},"rotation":{"x":0.719338595867157,"y":-0.0035289637744426729,"z":0.0036371194291859867,"w":0.6947135329246521},"size":15.532912254333496,"orthographic":true}