{"cameraMode":{"drawMode":0,"name":"Shaded","section":"Shading Mode"},"sceneLighting":false,"audioPlay":false,"sceneViewState":{"showFog":true,"showMaterialUpdate":false,"showSkybox":false,"showFlares":true,"showImageEffects":true,"showParticleSystems":true,"showVisualEffectGraphs":true,"m_FxEnabled":true},"in2DMode":false,"pivot":{"x":9.999998092651368,"y":-1.1875004768371583,"z":-12.500003814697266},"rotation":{"x":-0.7022196650505066,"y":0.0002271182311233133,"z":-0.00020548643078655005,"w":-0.7119746208190918},"size":16.0615291595459,"orthographic":false}