{"cameraMode":{"drawMode":0,"name":"Shaded","section":"Shading Mode"},"sceneLighting":false,"audioPlay":false,"sceneViewState":{"showFog":true,"showMaterialUpdate":false,"showSkybox":false,"showFlares":true,"showImageEffects":true,"showParticleSystems":true,"showVisualEffectGraphs":true,"m_FxEnabled":true},"in2DMode":false,"pivot":{"x":3.7499983310699465,"y":0.06250009685754776,"z":2.499999523162842},"rotation":{"x":0.03455926105380058,"y":-0.7266659140586853,"z":0.6851482391357422,"w":0.036653511226177219},"size":4.507374286651611,"orthographic":false}