{"cameraMode":{"drawMode":0,"name":"Shaded","section":"Shading Mode"},"sceneLighting":false,"audioPlay":false,"sceneViewState":{"showFog":true,"showMaterialUpdate":false,"showSkybox":false,"showFlares":true,"showImageEffects":true,"showParticleSystems":true,"showVisualEffectGraphs":true,"m_FxEnabled":true},"in2DMode":false,"pivot":{"x":-3.7499990463256838,"y":0.06249983608722687,"z":-3.7500040531158449},"rotation":{"x":0.6558101177215576,"y":-0.058654576539993289,"z":0.0512661449611187,"w":0.7509140968322754},"size":5.303670406341553,"orthographic":false}