{"cameraMode":{"drawMode":0,"name":"Shaded","section":"Shading Mode"},"sceneLighting":false,"audioPlay":false,"sceneViewState":{"showFog":true,"showMaterialUpdate":false,"showSkybox":false,"showFlares":true,"showImageEffects":true,"showParticleSystems":true,"showVisualEffectGraphs":true,"m_FxEnabled":true},"in2DMode":false,"pivot":{"x":160.93600463867188,"y":0.014999999664723874,"z":248.51699829101563},"rotation":{"x":0.11392728984355927,"y":-0.8844157457351685,"z":0.3475152254104614,"w":0.28994491696357729},"size":3.5172762870788576,"orthographic":false}