{"cameraMode":{"drawMode":0,"name":"Shaded","section":"Shading Mode"},"sceneLighting":false,"audioPlay":false,"sceneViewState":{"showFog":true,"showMaterialUpdate":false,"showSkybox":false,"showFlares":true,"showImageEffects":true,"showParticleSystems":true,"showVisualEffectGraphs":true,"m_FxEnabled":true},"in2DMode":false,"pivot":{"x":409.1859436035156,"y":371.66522216796877,"z":-230.30772399902345},"rotation":{"x":0.27901434898376467,"y":0.02880309708416462,"z":-0.008373117074370385,"w":0.9598184823989868},"size":41.172447204589847,"orthographic":false}