{"cameraMode":{"drawMode":0,"name":"Shaded","section":"Shading Mode"},"sceneLighting":false,"audioPlay":false,"sceneViewState":{"showFog":true,"showMaterialUpdate":false,"showSkybox":false,"showFlares":true,"showImageEffects":true,"showParticleSystems":true,"showVisualEffectGraphs":true,"m_FxEnabled":true},"in2DMode":false,"pivot":{"x":-63.681392669677737,"y":15.463634490966797,"z":-93.06527709960938},"rotation":{"x":0.43707454204559328,"y":-0.013491110876202584,"z":0.006555831991136074,"w":0.8993009328842163},"size":23.563756942749025,"orthographic":false}