{"cameraMode":{"drawMode":0,"name":"Shaded","section":"Shading Mode"},"sceneLighting":false,"audioPlay":false,"sceneViewState":{"showFog":true,"showMaterialUpdate":false,"showSkybox":false,"showFlares":true,"showImageEffects":true,"showParticleSystems":true,"showVisualEffectGraphs":true,"m_FxEnabled":true},"in2DMode":false,"pivot":{"x":329.68609619140627,"y":276.6983337402344,"z":179.08511352539063},"rotation":{"x":0.015510551631450653,"y":-0.6492695212364197,"z":0.7602914571762085,"w":0.013245518319308758},"size":2.7129018306732179,"orthographic":false}