{"cameraMode":{"drawMode":0,"name":"Shaded","section":"Shading Mode"},"sceneLighting":false,"audioPlay":false,"sceneViewState":{"showFog":true,"showMaterialUpdate":false,"showSkybox":true,"showFlares":true,"showImageEffects":true,"showParticleSystems":true,"showVisualEffectGraphs":true,"m_FxEnabled":false},"in2DMode":false,"pivot":{"x":839.6863403320313,"y":-148.02505493164063,"z":144.95172119140626},"rotation":{"x":-0.7071205377578735,"y":0.0006427810294553638,"z":-0.000641295628156513,"w":-0.7071211934089661},"size":108.35224151611328,"orthographic":false}