{"cameraMode":{"drawMode":0,"name":"Shaded","section":"Shading Mode"},"sceneLighting":false,"audioPlay":false,"sceneViewState":{"showFog":true,"showMaterialUpdate":false,"showSkybox":true,"showFlares":true,"showImageEffects":true,"showParticleSystems":true,"showVisualEffectGraphs":true,"m_FxEnabled":false},"in2DMode":false,"pivot":{"x":115.89088439941406,"y":-1695.2684326171875,"z":2020.075439453125},"rotation":{"x":0.32369881868362429,"y":0.04455459490418434,"z":-0.015219463035464287,"w":0.9450326561927795},"size":1607.2481689453125,"orthographic":false}