{"cameraMode":{"drawMode":0,"name":"Shaded","section":"Shading Mode"},"sceneLighting":false,"audioPlay":false,"sceneViewState":{"showFog":true,"showMaterialUpdate":false,"showSkybox":false,"showFlares":true,"showImageEffects":true,"showParticleSystems":true,"showVisualEffectGraphs":true,"m_FxEnabled":true},"in2DMode":false,"pivot":{"x":6.249999523162842,"y":0.062499649822711948,"z":-6.249999523162842},"rotation":{"x":0.03455926105380058,"y":-0.7266659140586853,"z":0.6851482391357422,"w":0.036653511226177219},"size":8.839056015014649,"orthographic":false}